
{
  "rewrites": [
    { "source": "/(.*)", "destination": "/index.html" }
  ],
  "headers": [
    {
      "source": "/sw.js",
      "headers": [
        { "key": "Cache-Control", "value": "public, max-age=0, must-revalidate" },
        { "key": "Service-Worker-Allowed", "value": "/" }
      ]
    },
    {
      "source": "/manifest.json",
      "headers": [
        { "key": "Cache-Control", "value": "public, max-age=0, must-revalidate" }
      ]
    },
    {
      "source": "/(.*).(jpg|jpeg|png|gif|svg|ico|webp|mp4|webm|js|css|woff2)",
      "headers": [
        { "key": "Cache-Control", "value": "public, max-age=31536000, immutable" }
      ]
    }
  ]
}
